trial,dataset,best_online_loss,best_target_loss,clf_mean,clf_var,num_epochs,hidden_dim,use_gb,gb_quity,gb_sim,gb_alpha,gb_beta,gb_K,gb_w_mode,gb_knn,gb_rebuild_every,ball_loss_weight,ball_angle_thresh,ball_uniform_tau,ball_infonce_weight,ball_infonce_temp,seed
1,CS,-0.875074148,-0.999623418,0.936387809,1.96E-06,700,1024,1,detach,dot,0.7,0.2,10,topo+center,10,100,0.05,15,0.1,0.02,0.2,66666
1,CS,-0.876540542,-0.999479473,0.938955933,4.84E-07,700,1024,1,detach,dot,0.3,0.2,10,topo+center,10,100,0.05,15,0.1,0.02,0.2,66666
2,CS,-0.873956919,-0.99960345,0.936092362,5.71E-06,700,1024,1,detach,dot,0.7,0.2,10,topo+center,10,100,0.05,15,0.1,0.02,0.2,66666
2,CS,-0.877824068,-0.999505043,0.937910502,2.68E-07,700,1024,1,detach,dot,0.3,0.2,10,topo+center,10,100,0.05,15,0.1,0.02,0.2,66666
3,CS,-0.874017656,-0.999660492,0.93652417,2.10E-06,700,1024,1,detach,dot,0.7,0.2,10,topo+center,10,100,0.05,15,0.1,0.02,0.2,66666
3,CS,-0.878193736,-0.999570847,0.93750142,1.34E-06,700,1024,1,detach,dot,0.3,0.2,10,topo+center,10,100,0.05,15,0.1,0.02,0.2,66666
4,CS,-0.87047255,-0.999655247,0.936751437,1.22E-06,700,1024,1,detach,dot,0.7,0.2,10,topo+center,10,100,0.05,15,0.1,0.02,0.2,66666
4,CS,-0.874386013,-0.9994995,0.938296857,3.63E-07,700,1024,1,detach,dot,0.3,0.2,10,topo+center,10,100,0.05,15,0.1,0.02,0.2,66666
5,CS,-0.875604868,-0.999628067,0.938410491,4.87E-06,700,1024,1,detach,dot,0.7,0.2,10,topo+center,10,100,0.05,15,0.1,0.02,0.2,66666
5,CS,-0.877978921,-0.999493718,0.939001386,1.24E-06,700,1024,1,detach,dot,0.3,0.2,10,topo+center,10,100,0.05,15,0.1,0.02,0.2,66666
1,CS,-0.9640775322914124,-0.9996986985206604,0.9423422194950115,3.7291693333522814e-07,150,1024,1,detach,dot,0.7,0.1,5,topo,5,50,0.05,15.0,0.1,0.02,0.2,66666
1,CS,-0.964077353477478,-0.9996986985206604,0.9423194927388013,3.935771512485186e-07,150,1024,1,detach,dot,0.7,0.1,5,topo,10,50,0.05,25.0,0.1,0.02,0.2,66666
1,CS,-0.9640774130821228,-0.9996986985206604,0.9423422194950115,3.7291693333522814e-07,150,1024,1,detach,dot,0.7,0.1,5,topo,5,50,0.05,25.0,0.1,0.02,0.2,66666
1,CS,-0.9640774130821228,-0.9996986985206604,0.9423194927388013,3.935771512485186e-07,150,1024,1,detach,dot,0.7,0.1,5,topo,10,50,0.05,15.0,0.1,0.02,0.2,66666
1,CS,-0.964077353477478,-0.9996986985206604,0.9423194927388013,3.935771512485186e-07,150,1024,1,detach,dot,0.7,0.1,5,topo,20,50,0.05,15.0,0.1,0.02,0.2,66666
1,CS,-0.964077353477478,-0.9996986985206604,0.9423194927388013,3.935771512485186e-07,150,1024,1,detach,dot,0.7,0.1,5,topo,20,50,0.05,25.0,0.1,0.02,0.2,66666
1,CS,-0.9643063545227051,-0.9996970295906067,0.942228585713961,8.098805422017324e-07,150,1024,1,detach,dot,0.7,0.1,5,center,5,50,0.05,15.0,0.1,0.02,0.2,66666
1,CS,-0.9643063545227051,-0.9996970295906067,0.942205858957751,8.563660325066368e-07,150,1024,1,detach,dot,0.7,0.1,5,center,5,50,0.05,25.0,0.1,0.02,0.2,66666
1,CS,-0.9643113017082214,-0.9996966123580933,0.942205858957751,5.774530906769753e-07,150,1024,1,detach,dot,0.7,0.1,5,center,10,50,0.05,15.0,0.1,0.02,0.2,66666
1,CS,-0.9643113017082214,-0.9996966123580933,0.9421604054453309,7.509989211487646e-07,150,1024,1,detach,dot,0.7,0.1,5,center,10,50,0.05,25.0,0.1,0.02,0.2,66666
1,CS,-0.9643087387084961,-0.9996961355209351,0.942228585713961,4.6278888125815007e-07,150,1024,1,detach,dot,0.7,0.1,5,center,20,50,0.05,15.0,0.1,0.02,0.2,66666
1,CS,-0.9643087387084961,-0.9996961355209351,0.9422740392263812,5.495617964940473e-07,150,1024,1,detach,dot,0.7,0.1,5,center,20,50,0.05,25.0,0.1,0.02,0.2,66666
1,CS,-0.964077353477478,-0.9996986985206604,0.9423194927388013,3.3469553019563834e-07,150,1024,1,detach,dot,0.7,0.1,5,topo+center,10,50,0.05,15.0,0.1,0.02,0.2,66666
1,CS,-0.964077353477478,-0.9996986985206604,0.9423194927388013,3.935771512485186e-07,150,1024,1,detach,dot,0.7,0.1,5,topo+center,5,50,0.05,15.0,0.1,0.02,0.2,66666
1,CS,-0.964077353477478,-0.9996986985206604,0.9423194927388013,3.3469553019563834e-07,150,1024,1,detach,dot,0.7,0.1,5,topo+center,5,50,0.05,25.0,0.1,0.02,0.2,66666
1,CS,-0.964077353477478,-0.9996986985206604,0.9423194927388013,3.935771512485186e-07,150,1024,1,detach,dot,0.7,0.1,5,topo+center,10,50,0.05,25.0,0.1,0.02,0.2,66666
1,CS,-0.9640440940856934,-0.9996991157531738,0.9421604054453309,8.966534574375355e-07,150,1024,1,detach,dot,0.7,0.1,10,topo,5,50,0.05,15.0,0.1,0.02,0.2,66666
1,CS,-0.9640779495239258,-0.9996986985206604,0.9423649462512215,4.132043582662126e-07,150,1024,1,detach,dot,0.7,0.1,5,topo+center,20,50,0.05,15.0,0.1,0.02,0.2,66666
1,CS,-0.9640779495239258,-0.9996986985206604,0.9423194927388013,3.3469553019563834e-07,150,1024,1,detach,dot,0.7,0.1,5,topo+center,20,50,0.05,25.0,0.1,0.02,0.2,66666
1,CS,-0.9640440940856934,-0.999699056148529,0.9420467716642803,5.609249163463025e-07,150,1024,1,detach,dot,0.7,0.1,10,topo,5,50,0.05,25.0,0.1,0.02,0.2,66666
1,CS,-0.9640440940856934,-0.999699056148529,0.9424103997636418,5.03076306189069e-07,150,1024,1,detach,dot,0.7,0.1,10,topo,10,50,0.05,15.0,0.1,0.02,0.2,66666
1,CS,-0.9640440940856934,-0.999699056148529,0.9420240449080702,7.478998884617231e-07,150,1024,1,detach,dot,0.7,0.1,10,topo,10,50,0.05,25.0,0.1,0.02,0.2,66666
1,CS,-0.9640438556671143,-0.999699056148529,0.9421604054453306,8.439699017586827e-07,150,1024,1,detach,dot,0.7,0.1,10,topo,20,50,0.05,15.0,0.1,0.02,0.2,66666
1,CS,-0.9640440940856934,-0.9996991157531738,0.9420922251767005,7.478998884618106e-07,150,1024,1,detach,dot,0.7,0.1,10,topo,20,50,0.05,25.0,0.1,0.02,0.2,66666
1,CS,-0.9641793966293335,-0.9996976256370544,0.9423422194950115,4.348975870751685e-07,150,1024,1,detach,dot,0.7,0.1,10,center,5,50,0.05,15.0,0.1,0.02,0.2,66666
1,CS,-0.964179277420044,-0.9996976256370544,0.942205858957751,3.17134344969312e-07,150,1024,1,detach,dot,0.7,0.1,10,center,5,50,0.05,25.0,0.1,0.02,0.2,66666
1,CS,-0.9641405344009399,-0.9996986985206604,0.9424103997636418,5.712550253029645e-07,150,1024,1,detach,dot,0.7,0.1,10,center,10,50,0.05,15.0,0.1,0.02,0.2,66666
1,CS,-0.9641405344009399,-0.9996986985206604,0.9424331265198518,5.495617964939733e-07,150,1024,1,detach,dot,0.7,0.1,10,center,10,50,0.05,25.0,0.1,0.02,0.2,66666
1,CS,-0.964138925075531,-0.9996976256370544,0.9425240335446922,3.9977521662251586e-07,150,1024,1,detach,dot,0.7,0.1,10,center,20,50,0.05,15.0,0.1,0.02,0.2,66666
1,CS,-0.964138925075531,-0.9996976256370544,0.9424331265198518,3.0163918153428614e-07,150,1024,1,detach,dot,0.7,0.1,10,center,20,50,0.05,25.0,0.1,0.02,0.2,66666
1,CS,-0.9640440940856934,-0.999699056148529,0.9421149519329107,8.770262504199742e-07,150,1024,1,detach,dot,0.7,0.1,10,topo+center,5,50,0.05,15.0,0.1,0.02,0.2,66666
1,CS,-0.9640440940856934,-0.999699056148529,0.9421376786891207,9.369408823685182e-07,150,1024,1,detach,dot,0.7,0.1,10,topo+center,5,50,0.05,25.0,0.1,0.02,0.2,66666
1,CS,-0.9640449285507202,-0.999699056148529,0.9421149519329107,9.018185119159228e-07,150,1024,1,detach,dot,0.7,0.1,10,topo+center,10,50,0.05,15.0,0.1,0.02,0.2,66666
1,CS,-0.9640448093414307,-0.999699056148529,0.9420694984204904,8.222766729496293e-07,150,1024,1,detach,dot,0.7,0.1,10,topo+center,10,50,0.05,25.0,0.1,0.02,0.2,66666
1,CS,-0.9640452861785889,-0.9996991157531738,0.9424103997636418,5.774530906769617e-07,150,1024,1,detach,dot,0.7,0.1,10,topo+center,20,50,0.05,15.0,0.1,0.02,0.2,66666
1,CS,-0.9640451669692993,-0.999699056148529,0.9423649462512215,5.588588945550003e-07,150,1024,1,detach,dot,0.7,0.1,10,topo+center,20,50,0.05,25.0,0.1,0.02,0.2,66666
1,CS,-0.9639260768890381,-0.999699056148529,0.9423194927388013,3.1920036676059223e-07,150,1024,1,detach,dot,0.7,0.1,20,topo,5,50,0.05,15.0,0.1,0.02,0.2,66666
1,CS,-0.9639260768890381,-0.999699056148529,0.9423876730074316,3.1920036676064777e-07,150,1024,1,detach,dot,0.7,0.1,20,topo,5,50,0.05,25.0,0.1,0.02,0.2,66666
1,CS,-0.9639260768890381,-0.999699056148529,0.9423422194950115,3.7911499870924386e-07,150,1024,1,detach,dot,0.7,0.1,20,topo,10,50,0.05,15.0,0.1,0.02,0.2,66666
1,CS,-0.9639260768890381,-0.999699056148529,0.9423422194950115,2.92342083473313e-07,150,1024,1,detach,dot,0.7,0.1,20,topo,10,50,0.05,25.0,0.1,0.02,0.2,66666
1,CS,-0.9639260768890381,-0.999699056148529,0.9423194927388013,3.1920036676059223e-07,150,1024,1,detach,dot,0.7,0.1,20,topo,20,50,0.05,15.0,0.1,0.02,0.2,66666
1,CS,-0.9639260768890381,-0.999699056148529,0.9423422194950115,3.1403531228227046e-07,150,1024,1,detach,dot,0.7,0.1,20,topo,20,50,0.05,25.0,0.1,0.02,0.2,66666
1,CS,-0.9641498923301697,-0.9996986985206604,0.9423194927388013,5.299345894763467e-07,150,1024,1,detach,dot,0.7,0.1,20,center,5,50,0.05,15.0,0.1,0.02,0.2,66666
1,CS,-0.9641497731208801,-0.9996986985206604,0.9423649462512215,4.132043582662126e-07,150,1024,1,detach,dot,0.7,0.1,20,center,5,50,0.05,25.0,0.1,0.02,0.2,66666
1,CS,-0.9641374945640564,-0.9996984004974365,0.9423649462512215,5.495617964940507e-07,150,1024,1,detach,dot,0.7,0.1,20,center,10,50,0.05,15.0,0.1,0.02,0.2,66666
1,CS,-0.9641374945640564,-0.9996984004974365,0.9423422194950115,5.03076306189069e-07,150,1024,1,detach,dot,0.7,0.1,20,center,10,50,0.05,25.0,0.1,0.02,0.2,66666
1,CS,-0.9641154408454895,-0.9996974468231201,0.9423649462512215,4.163033909531752e-07,150,1024,1,detach,dot,0.7,0.1,20,center,20,50,0.05,15.0,0.1,0.02,0.2,66666
1,CS,-0.964115560054779,-0.9996974468231201,0.9423422194950115,4.0080822751816105e-07,150,1024,1,detach,dot,0.7,0.1,20,center,20,50,0.05,25.0,0.1,0.02,0.2,66666
1,CS,-0.9639266729354858,-0.999699056148529,0.9423194927388013,3.1920036676059223e-07,150,1024,1,detach,dot,0.7,0.1,20,topo+center,5,50,0.05,15.0,0.1,0.02,0.2,66666
1,CS,-0.9639266729354858,-0.999699056148529,0.9423422194950115,3.1403531228227046e-07,150,1024,1,detach,dot,0.7,0.1,20,topo+center,5,50,0.05,25.0,0.1,0.02,0.2,66666
1,CS,-0.9639274477958679,-0.9996989369392395,0.9423194927388013,2.8201197451666943e-07,150,1024,1,detach,dot,0.7,0.1,20,topo+center,10,50,0.05,15.0,0.1,0.02,0.2,66666
1,CS,-0.9639274477958679,-0.9996989369392395,0.9422740392263812,2.923420834733248e-07,150,1024,1,detach,dot,0.7,0.1,20,topo+center,10,50,0.05,25.0,0.1,0.02,0.2,66666
1,CS,-0.9639300107955933,-0.9996989369392395,0.9422967659825914,2.861440180993276e-07,150,1024,1,detach,dot,0.7,0.1,20,topo+center,20,50,0.05,15.0,0.1,0.02,0.2,66666
1,CS,-0.963930070400238,-0.9996989369392395,0.9423194927388013,3.439926282565912e-07,150,1024,1,detach,dot,0.7,0.1,20,topo+center,20,50,0.05,25.0,0.1,0.02,0.2,66666
1,CS,-0.9640412330627441,-0.999699056148529,0.9420922251767005,9.80327339986462e-07,150,1024,1,detach,dot,0.7,0.2,5,topo,5,50,0.05,15.0,0.1,0.02,0.2,66666
1,CS,-0.9640412330627441,-0.999699056148529,0.9423649462512215,6.270376136688924e-07,150,1024,1,detach,dot,0.7,0.2,5,topo,5,50,0.05,25.0,0.1,0.02,0.2,66666
1,CS,-0.9640412330627441,-0.999699056148529,0.9423876730074316,6.074104066512337e-07,150,1024,1,detach,dot,0.7,0.2,5,topo,10,50,0.05,15.0,0.1,0.02,0.2,66666
1,CS,-0.9640412330627441,-0.999699056148529,0.9423422194950115,5.774530906769936e-07,150,1024,1,detach,dot,0.7,0.2,5,topo,20,50,0.05,15.0,0.1,0.02,0.2,66666
1,CS,-0.9640411138534546,-0.999699056148529,0.9423649462512215,5.588588945550003e-07,150,1024,1,detach,dot,0.7,0.2,5,topo,10,50,0.05,25.0,0.1,0.02,0.2,66666
1,CS,-0.9640411138534546,-0.999699056148529,0.9423422194950115,5.123734042500203e-07,150,1024,1,detach,dot,0.7,0.2,5,topo,20,50,0.05,25.0,0.1,0.02,0.2,66666
1,CS,-0.9641793966293335,-0.9996975660324097,0.9423876730074316,4.555578049884607e-07,150,1024,1,detach,dot,0.7,0.2,5,center,5,50,0.05,15.0,0.1,0.02,0.2,66666
1,CS,-0.9641793966293335,-0.9996975660324097,0.9423422194950115,4.348975870751685e-07,150,1024,1,detach,dot,0.7,0.2,5,center,5,50,0.05,25.0,0.1,0.02,0.2,66666
1,CS,-0.9641414880752563,-0.9996986985206604,0.9423876730074316,5.29934589476392e-07,150,1024,1,detach,dot,0.7,0.2,5,center,10,50,0.05,25.0,0.1,0.02,0.2,66666
1,CS,-0.9641414880752563,-0.9996986985206604,0.9423876730074316,5.237365241023948e-07,150,1024,1,detach,dot,0.7,0.2,5,center,10,50,0.05,15.0,0.1,0.02,0.2,66666
1,CS,-0.9641398787498474,-0.9996976256370544,0.9425013067884821,3.605208025872001e-07,150,1024,1,detach,dot,0.7,0.2,5,center,20,50,0.05,15.0,0.1,0.02,0.2,66666
1,CS,-0.9641398787498474,-0.9996976256370544,0.9425013067884821,4.163033909531752e-07,150,1024,1,detach,dot,0.7,0.2,5,center,20,50,0.05,25.0,0.1,0.02,0.2,66666
1,CS,-0.9640418291091919,-0.999699056148529,0.9421149519329107,8.770262504199742e-07,150,1024,1,detach,dot,0.7,0.2,5,topo+center,5,50,0.05,15.0,0.1,0.02,0.2,66666
1,CS,-0.9640418291091919,-0.999699056148529,0.9421149519329107,8.770262504199742e-07,150,1024,1,detach,dot,0.7,0.2,5,topo+center,5,50,0.05,25.0,0.1,0.02,0.2,66666
1,CS,-0.9640423059463501,-0.9996991157531738,0.9423194927388013,6.910842892001433e-07,150,1024,1,detach,dot,0.7,0.2,5,topo+center,10,50,0.05,15.0,0.1,0.02,0.2,66666
1,CS,-0.9640423059463501,-0.999699056148529,0.9422740392263812,5.89849221424936e-07,150,1024,1,detach,dot,0.7,0.2,5,topo+center,10,50,0.05,25.0,0.1,0.02,0.2,66666
1,CS,-0.9640432596206665,-0.999699056148529,0.9423194927388013,5.609249163463025e-07,150,1024,1,detach,dot,0.7,0.2,5,topo+center,20,50,0.05,15.0,0.1,0.02,0.2,66666
1,CS,-0.9640432596206665,-0.999699056148529,0.9423194927388013,5.423307202243412e-07,150,1024,1,detach,dot,0.7,0.2,5,topo+center,20,50,0.05,25.0,0.1,0.02,0.2,66666
1,CS,-0.9639256000518799,-0.999699056148529,0.9424103997636418,3.5432273721324323e-07,150,1024,1,detach,dot,0.7,0.2,10,topo,5,50,0.05,15.0,0.1,0.02,0.2,66666
1,CS,-0.9639256000518799,-0.999699056148529,0.9423876730074316,2.8201197451666446e-07,150,1024,1,detach,dot,0.7,0.2,10,topo,5,50,0.05,25.0,0.1,0.02,0.2,66666
1,CS,-0.9639255404472351,-0.999699056148529,0.9423649462512215,3.1093627959527274e-07,150,1024,1,detach,dot,0.7,0.2,10,topo,10,50,0.05,15.0,0.1,0.02,0.2,66666
1,CS,-0.9639255404472351,-0.999699056148529,0.9423649462512215,3.1093627959527274e-07,150,1024,1,detach,dot,0.7,0.2,10,topo,10,50,0.05,25.0,0.1,0.02,0.2,66666
1,CS,-0.9639254212379456,-0.999699056148529,0.942478580032272,3.4192660646526044e-07,150,1024,1,detach,dot,0.7,0.2,10,topo,20,50,0.05,15.0,0.1,0.02,0.2,66666
1,CS,-0.9639255404472351,-0.999699056148529,0.9423876730074316,3.439926282565912e-07,150,1024,1,detach,dot,0.7,0.2,10,topo,20,50,0.05,25.0,0.1,0.02,0.2,66666
1,CS,-0.9641497731208801,-0.9996986985206604,0.9422740392263812,5.03076306189069e-07,150,1024,1,detach,dot,0.7,0.2,10,center,5,50,0.05,15.0,0.1,0.02,0.2,66666
1,CS,-0.9641497731208801,-0.9996986985206604,0.9422967659825913,4.782840446931188e-07,150,1024,1,detach,dot,0.7,0.2,10,center,5,50,0.05,25.0,0.1,0.02,0.2,66666
1,CS,-0.9641380310058594,-0.999698281288147,0.9424331265198518,5.495617964939733e-07,150,1024,1,detach,dot,0.7,0.2,10,center,10,50,0.05,15.0,0.1,0.02,0.2,66666
1,CS,-0.964137852191925,-0.999698281288147,0.9424331265198518,5.495617964939733e-07,150,1024,1,detach,dot,0.7,0.2,10,center,10,50,0.05,25.0,0.1,0.02,0.2,66666
1,CS,-0.9641135334968567,-0.9996974468231201,0.9423649462512215,4.2560048901419704e-07,150,1024,1,detach,dot,0.7,0.2,10,center,20,50,0.05,15.0,0.1,0.02,0.2,66666
1,CS,-0.9641126990318298,-0.9996974468231201,0.9423422194950115,4.534917831971399e-07,150,1024,1,detach,dot,0.7,0.2,10,center,20,50,0.05,25.0,0.1,0.02,0.2,66666
1,CS,-0.963925838470459,-0.999699056148529,0.9423876730074316,3.09903268699609e-07,150,1024,1,detach,dot,0.7,0.2,10,topo+center,5,50,0.05,15.0,0.1,0.02,0.2,66666
1,CS,-0.963925838470459,-0.999699056148529,0.9423194927388013,2.8201197451666943e-07,150,1024,1,detach,dot,0.7,0.2,10,topo+center,5,50,0.05,25.0,0.1,0.02,0.2,66666
1,CS,-0.9639264941215515,-0.999699056148529,0.9424103997636418,3.140353122823176e-07,150,1024,1,detach,dot,0.7,0.2,10,topo+center,10,50,0.05,25.0,0.1,0.02,0.2,66666
1,CS,-0.9639264941215515,-0.999699056148529,0.9423422194950115,3.1403531228227046e-07,150,1024,1,detach,dot,0.7,0.2,10,topo+center,10,50,0.05,15.0,0.1,0.02,0.2,66666
1,CS,-0.9639285206794739,-0.9996989369392395,0.9423649462512215,2.8614401809932754e-07,150,1024,1,detach,dot,0.7,0.2,10,topo+center,20,50,0.05,15.0,0.1,0.02,0.2,66666
1,CS,-0.9639285206794739,-0.9996989369392395,0.9423876730074316,3.1920036676064777e-07,150,1024,1,detach,dot,0.7,0.2,10,topo+center,20,50,0.05,25.0,0.1,0.02,0.2,66666
1,CS,-0.9638385772705078,-0.9996976256370544,0.9423422194950115,1.43588514497499e-07,150,1024,1,detach,dot,0.7,0.2,20,topo,5,50,0.05,15.0,0.1,0.02,0.2,66666
1,CS,-0.9638385772705078,-0.9996976256370544,0.9423422194950115,1.559846452455052e-07,150,1024,1,detach,dot,0.7,0.2,20,topo,10,50,0.05,15.0,0.1,0.02,0.2,66666
1,CS,-0.9638385772705078,-0.9996976256370544,0.9424103997636418,1.5598464524546653e-07,150,1024,1,detach,dot,0.7,0.2,20,topo,5,50,0.05,25.0,0.1,0.02,0.2,66666
1,CS,-0.9638384580612183,-0.9996976256370544,0.9423422194950115,2.0247013555041127e-07,150,1024,1,detach,dot,0.7,0.2,20,topo,10,50,0.05,25.0,0.1,0.02,0.2,66666
1,CS,-0.9638384580612183,-0.9996976256370544,0.9423876730074316,1.6114969972379672e-07,150,1024,1,detach,dot,0.7,0.2,20,topo,20,50,0.05,15.0,0.1,0.02,0.2,66666
1,CS,-0.9638384580612183,-0.9996976256370544,0.9423876730074316,1.6114969972379672e-07,150,1024,1,detach,dot,0.7,0.2,20,topo,20,50,0.05,25.0,0.1,0.02,0.2,66666
1,CS,-0.9641469120979309,-0.999698281288147,0.9423194927388013,4.67953935736445e-07,150,1024,1,detach,dot,0.7,0.2,20,center,5,50,0.05,25.0,0.1,0.02,0.2,66666
1,CS,-0.9641469120979309,-0.999698281288147,0.9423194927388013,4.67953935736445e-07,150,1024,1,detach,dot,0.7,0.2,20,center,5,50,0.05,15.0,0.1,0.02,0.2,66666
1,CS,-0.9641433954238892,-0.999698281288147,0.9423876730074316,4.5865683767542134e-07,150,1024,1,detach,dot,0.7,0.2,20,center,10,50,0.05,15.0,0.1,0.02,0.2,66666
1,CS,-0.9641433954238892,-0.999698281288147,0.9423649462512215,5.464627638070159e-07,150,1024,1,detach,dot,0.7,0.2,20,center,10,50,0.05,25.0,0.1,0.02,0.2,66666
1,CS,-0.9641147255897522,-0.999697208404541,0.9423876730074316,2.882100398906818e-07,150,1024,1,detach,dot,0.7,0.2,20,center,20,50,0.05,15.0,0.1,0.02,0.2,66666
1,CS,-0.9641147255897522,-0.999697208404541,0.9423876730074315,3.377945628826042e-07,150,1024,1,detach,dot,0.7,0.2,20,center,20,50,0.05,25.0,0.1,0.02,0.2,66666
1,CS,-0.9638401865959167,-0.9996976256370544,0.9423649462512215,1.807769067414554e-07,150,1024,1,detach,dot,0.7,0.2,20,topo+center,5,50,0.05,15.0,0.1,0.02,0.2,66666
1,CS,-0.9638401865959167,-0.9996976256370544,0.9423422194950115,1.745788413674649e-07,150,1024,1,detach,dot,0.7,0.2,20,topo+center,5,50,0.05,25.0,0.1,0.02,0.2,66666
1,CS,-0.9638408422470093,-0.9996976256370544,0.9422740392263812,1.8697497211545265e-07,150,1024,1,detach,dot,0.7,0.2,20,topo+center,10,50,0.05,15.0,0.1,0.02,0.2,66666
1,CS,-0.9638408422470093,-0.9996976256370544,0.9423194927388016,1.61149699723827e-07,150,1024,1,detach,dot,0.7,0.2,20,topo+center,10,50,0.05,25.0,0.1,0.02,0.2,66666
1,CS,-0.9638419151306152,-0.999697744846344,0.9423422194950115,1.43588514497499e-07,150,1024,1,detach,dot,0.7,0.2,20,topo+center,20,50,0.05,15.0,0.1,0.02,0.2,66666
1,CS,-0.9638419151306152,-0.9996976256370544,0.9423194927388013,2.0763519002873302e-07,150,1024,1,detach,dot,0.7,0.2,20,topo+center,20,50,0.05,25.0,0.1,0.02,0.2,66666
1,CS,-0.9639505743980408,-0.999699592590332,0.9423649462512215,2.8614401809932754e-07,150,1024,1,detach,dot,0.7,0.3,5,topo,5,50,0.05,15.0,0.1,0.02,0.2,66666
1,CS,-0.9639503359794617,-0.999699592590332,0.9424103997636418,3.5432273721324323e-07,150,1024,1,detach,dot,0.7,0.3,5,topo,5,50,0.05,25.0,0.1,0.02,0.2,66666
1,CS,-0.9639505743980408,-0.999699592590332,0.9423649462512215,3.760159660222461e-07,150,1024,1,detach,dot,0.7,0.3,5,topo,10,50,0.05,15.0,0.1,0.02,0.2,66666
1,CS,-0.9639503359794617,-0.999699592590332,0.9423649462512215,3.4812467183925605e-07,150,1024,1,detach,dot,0.7,0.3,5,topo,10,50,0.05,25.0,0.1,0.02,0.2,66666
1,CS,-0.9639504551887512,-0.999699592590332,0.9423649462512215,3.4812467183925605e-07,150,1024,1,detach,dot,0.7,0.3,5,topo,20,50,0.05,15.0,0.1,0.02,0.2,66666
1,CS,-0.9639505743980408,-0.999699592590332,0.9424331265198518,2.8614401809932754e-07,150,1024,1,detach,dot,0.7,0.3,5,topo,20,50,0.05,25.0,0.1,0.02,0.2,66666
1,CS,-0.964145302772522,-0.9996989369392395,0.9423649462512215,5.464627638070159e-07,150,1024,1,detach,dot,0.7,0.3,5,center,5,50,0.05,15.0,0.1,0.02,0.2,66666
1,CS,-0.964145302772522,-0.9996989369392395,0.9423422194950115,5.03076306189069e-07,150,1024,1,detach,dot,0.7,0.3,5,center,5,50,0.05,25.0,0.1,0.02,0.2,66666
1,CS,-0.9641504287719727,-0.9996986985206604,0.9423422194950115,5.03076306189069e-07,150,1024,1,detach,dot,0.7,0.3,5,center,10,50,0.05,15.0,0.1,0.02,0.2,66666
1,CS,-0.9641504287719727,-0.9996986985206604,0.9423422194950115,4.999772735020359e-07,150,1024,1,detach,dot,0.7,0.3,5,center,10,50,0.05,25.0,0.1,0.02,0.2,66666
1,CS,-0.964130163192749,-0.9996975660324097,0.9424331265198518,3.264314430302549e-07,150,1024,1,detach,dot,0.7,0.3,5,center,20,50,0.05,15.0,0.1,0.02,0.2,66666
1,CS,-0.9641290903091431,-0.9996975660324097,0.9423422194950115,2.92342083473313e-07,150,1024,1,detach,dot,0.7,0.3,5,center,20,50,0.05,25.0,0.1,0.02,0.2,66666
1,CS,-0.963951826095581,-0.999699592590332,0.9424103997636418,3.140353122823176e-07,150,1024,1,detach,dot,0.7,0.3,5,topo+center,5,50,0.05,15.0,0.1,0.02,0.2,66666
1,CS,-0.963951826095581,-0.999699592590332,0.9423876730074316,3.1920036676064777e-07,150,1024,1,detach,dot,0.7,0.3,5,topo+center,5,50,0.05,25.0,0.1,0.02,0.2,66666
1,CS,-0.9639524817466736,-0.999699592590332,0.9423876730074316,3.1920036676064777e-07,150,1024,1,detach,dot,0.7,0.3,5,topo+center,10,50,0.05,15.0,0.1,0.02,0.2,66666
1,CS,-0.9639524817466736,-0.999699592590332,0.9423649462512215,2.8614401809932754e-07,150,1024,1,detach,dot,0.7,0.3,5,topo+center,10,50,0.05,25.0,0.1,0.02,0.2,66666
1,CS,-0.96395343542099,-0.999699592590332,0.9424103997636418,2.7684692003835444e-07,150,1024,1,detach,dot,0.7,0.3,5,topo+center,20,50,0.05,15.0,0.1,0.02,0.2,66666
1,CS,-0.9639535546302795,-0.999699592590332,0.9423876730074316,3.842800531875153e-07,150,1024,1,detach,dot,0.7,0.3,5,topo+center,20,50,0.05,25.0,0.1,0.02,0.2,66666
1,CS,-0.9638869762420654,-0.999698281288147,0.9423876730074316,1.9523905928076884e-07,150,1024,1,detach,dot,0.7,0.3,10,topo,5,50,0.05,15.0,0.1,0.02,0.2,66666
1,CS,-0.9638869762420654,-0.999698281288147,0.9424103997636418,2.2416336435937545e-07,150,1024,1,detach,dot,0.7,0.3,10,topo,5,50,0.05,25.0,0.1,0.02,0.2,66666
1,CS,-0.9638869762420654,-0.999698281288147,0.9423876730074316,2.448235822727012e-07,150,1024,1,detach,dot,0.7,0.3,10,topo,10,50,0.05,15.0,0.1,0.02,0.2,66666
1,CS,-0.9638869762420654,-0.999698281288147,0.9424331265198518,2.3036142973339117e-07,150,1024,1,detach,dot,0.7,0.3,10,topo,10,50,0.05,25.0,0.1,0.02,0.2,66666
1,CS,-0.9638869762420654,-0.999698281288147,0.9423649462512215,2.675498219773224e-07,150,1024,1,detach,dot,0.7,0.3,10,topo,20,50,0.05,15.0,0.1,0.02,0.2,66666
1,CS,-0.9638869762420654,-0.999698281288147,0.9424103997636416,2.3655949510738675e-07,150,1024,1,detach,dot,0.7,0.3,10,topo,20,50,0.05,25.0,0.1,0.02,0.2,66666
1,CS,-0.9641405940055847,-0.999698281288147,0.9422285857139611,4.163033909531752e-07,150,1024,1,detach,dot,0.7,0.3,10,center,5,50,0.05,15.0,0.1,0.02,0.2,66666
1,CS,-0.9641405940055847,-0.999698281288147,0.942205858957751,3.760159660221923e-07,150,1024,1,detach,dot,0.7,0.3,10,center,5,50,0.05,25.0,0.1,0.02,0.2,66666
1,CS,-0.964144229888916,-0.9996981024742126,0.9423422194950115,5.712550253030066e-07,150,1024,1,detach,dot,0.7,0.3,10,center,10,50,0.05,15.0,0.1,0.02,0.2,66666
1,CS,-0.964144229888916,-0.9996981024742126,0.9423649462512215,5.464627638070159e-07,150,1024,1,detach,dot,0.7,0.3,10,center,10,50,0.05,25.0,0.1,0.02,0.2,66666
1,CS,-0.9642000794410706,-0.9996967911720276,0.9424103997636418,2.2416336435937545e-07,150,1024,1,detach,dot,0.7,0.3,10,center,20,50,0.05,15.0,0.1,0.02,0.2,66666
1,CS,-0.9642000794410706,-0.9996967911720276,0.942455853276062,1.5185260166282862e-07,150,1024,1,detach,dot,0.7,0.3,10,center,20,50,0.05,25.0,0.1,0.02,0.2,66666
1,CS,-0.9638885259628296,-0.999698281288147,0.9424103997636418,2.2416336435937545e-07,150,1024,1,detach,dot,0.7,0.3,10,topo+center,5,50,0.05,15.0,0.1,0.02,0.2,66666
1,CS,-0.9638885259628296,-0.999698281288147,0.9423876730074316,2.603187457076716e-07,150,1024,1,detach,dot,0.7,0.3,10,topo+center,5,50,0.05,25.0,0.1,0.02,0.2,66666
1,CS,-0.963890016078949,-0.999698281288147,0.9424103997636418,1.8697497211545265e-07,150,1024,1,detach,dot,0.7,0.3,10,topo+center,10,50,0.05,15.0,0.1,0.02,0.2,66666
1,CS,-0.963890016078949,-0.999698281288147,0.9424331265198518,2.148662662983956e-07,150,1024,1,detach,dot,0.7,0.3,10,topo+center,10,50,0.05,25.0,0.1,0.02,0.2,66666
1,CS,-0.963892936706543,-0.999698281288147,0.9423649462512215,2.675498219773224e-07,150,1024,1,detach,dot,0.7,0.3,10,topo+center,20,50,0.05,15.0,0.1,0.02,0.2,66666
1,CS,-0.963892936706543,-0.999698281288147,0.9423876730074316,2.603187457076716e-07,150,1024,1,detach,dot,0.7,0.3,10,topo+center,20,50,0.05,25.0,0.1,0.02,0.2,66666
1,CS,-0.9637514352798462,-0.9996963739395142,0.9422513124701711,1.1466420941888057e-07,150,1024,1,detach,dot,0.7,0.3,20,topo,5,50,0.05,15.0,0.1,0.02,0.2,66666
1,CS,-0.9637514352798462,-0.9996963739395142,0.9423876730074315,3.377945628826042e-07,150,1024,1,detach,dot,0.7,0.3,20,topo,5,50,0.05,25.0,0.1,0.02,0.2,66666
1,CS,-0.9637513160705566,-0.9996963739395142,0.942228585713961,1.2809335106254206e-07,150,1024,1,detach,dot,0.7,0.3,20,topo,10,50,0.05,25.0,0.1,0.02,0.2,66666
1,CS,-0.9637514352798462,-0.9996963739395142,0.942228585713961,1.2809335106254206e-07,150,1024,1,detach,dot,0.7,0.3,20,topo,10,50,0.05,15.0,0.1,0.02,0.2,66666
1,CS,-0.9637514352798462,-0.9996963739395142,0.9422513124701711,1.208622747928778e-07,150,1024,1,detach,dot,0.7,0.3,20,topo,20,50,0.05,15.0,0.1,0.02,0.2,66666
1,CS,-0.9637513160705566,-0.9996963739395142,0.942228585713961,1.2809335106254206e-07,150,1024,1,detach,dot,0.7,0.3,20,topo,20,50,0.05,25.0,0.1,0.02,0.2,66666
1,CS,-0.9641589522361755,-0.999698281288147,0.9422513124701712,4.5865683767542134e-07,150,1024,1,detach,dot,0.7,0.3,20,center,5,50,0.05,15.0,0.1,0.02,0.2,66666
1,CS,-0.9641589522361755,-0.9996981620788574,0.9422285857139611,4.163033909531752e-07,150,1024,1,detach,dot,0.7,0.3,20,center,5,50,0.05,25.0,0.1,0.02,0.2,66666
1,CS,-0.9640877842903137,-0.9996976256370544,0.9422967659825913,6.983153654697856e-07,150,1024,1,detach,dot,0.7,0.3,20,center,10,50,0.05,15.0,0.1,0.02,0.2,66666
1,CS,-0.9640879034996033,-0.9996976256370544,0.9422967659825913,6.983153654697856e-07,150,1024,1,detach,dot,0.7,0.3,20,center,10,50,0.05,25.0,0.1,0.02,0.2,66666
1,CS,-0.9641478657722473,-0.9996966123580933,0.9423876730074316,3.997752166225411e-07,150,1024,1,detach,dot,0.7,0.3,20,center,20,50,0.05,15.0,0.1,0.02,0.2,66666
1,CS,-0.9641494750976562,-0.9996966123580933,0.9423422194950115,3.760159660221923e-07,150,1024,1,detach,dot,0.7,0.3,20,center,20,50,0.05,25.0,0.1,0.02,0.2,66666
1,CS,-0.9637760519981384,-0.9996961355209351,0.9422740392263812,2.923420834733248e-07,150,1024,1,detach,dot,0.7,0.3,20,topo+center,5,50,0.05,15.0,0.1,0.02,0.2,66666
1,CS,-0.9637760519981384,-0.9996961355209351,0.9422513124701711,3.006061706386561e-07,150,1024,1,detach,dot,0.7,0.3,20,topo+center,5,50,0.05,25.0,0.1,0.02,0.2,66666
1,CS,-0.9637776613235474,-0.9996961355209351,0.9422513124701711,2.4482358227271635e-07,150,1024,1,detach,dot,0.7,0.3,20,topo+center,10,50,0.05,15.0,0.1,0.02,0.2,66666
1,CS,-0.9637776613235474,-0.9996961355209351,0.9422513124701711,2.603187457076716e-07,150,1024,1,detach,dot,0.7,0.3,20,topo+center,10,50,0.05,25.0,0.1,0.02,0.2,66666
1,CS,-0.9637822508811951,-0.9996961355209351,0.9422740392263812,2.923420834733248e-07,150,1024,1,detach,dot,0.7,0.3,20,topo+center,20,50,0.05,15.0,0.1,0.02,0.2,66666
1,CS,-0.9637822508811951,-0.9996961355209351,0.9422967659825914,2.6754982197737456e-07,150,1024,1,detach,dot,0.7,0.3,20,topo+center,20,50,0.05,25.0,0.1,0.02,0.2,66666
1,CS,-0.9636791944503784,-0.9997047781944275,0.9422967659825913,3.264314430302549e-07,150,1024,1,detach,dot,0.3,0.1,5,topo,5,50,0.05,15.0,0.1,0.02,0.2,66666
1,CS,-0.9636791944503784,-0.9997047781944275,0.9423422194950115,3.5432273721324323e-07,150,1024,1,detach,dot,0.3,0.1,5,topo,5,50,0.05,25.0,0.1,0.02,0.2,66666
1,CS,-0.9636791944503784,-0.9997047781944275,0.9422740392263812,2.923420834733248e-07,150,1024,1,detach,dot,0.3,0.1,5,topo,10,50,0.05,15.0,0.1,0.02,0.2,66666
1,CS,-0.9636791944503784,-0.999704897403717,0.9422513124701711,3.1920036676064777e-07,150,1024,1,detach,dot,0.3,0.1,5,topo,10,50,0.05,25.0,0.1,0.02,0.2,66666
1,CS,-0.9636791944503784,-0.9997047781944275,0.9422740392263812,3.5432273721324323e-07,150,1024,1,detach,dot,0.3,0.1,5,topo,20,50,0.05,15.0,0.1,0.02,0.2,66666
1,CS,-0.9636791944503784,-0.9997047781944275,0.9422740392263812,3.5432273721324323e-07,150,1024,1,detach,dot,0.3,0.1,5,topo,20,50,0.05,25.0,0.1,0.02,0.2,66666
1,CS,-0.9638725519180298,-0.999706506729126,0.9420922251767005,5.464627638070159e-07,150,1024,1,detach,dot,0.3,0.1,5,center,5,50,0.05,15.0,0.1,0.02,0.2,66666
1,CS,-0.9638725519180298,-0.9997063875198364,0.9420694984204904,4.999772735020359e-07,150,1024,1,detach,dot,0.3,0.1,5,center,5,50,0.05,25.0,0.1,0.02,0.2,66666
1,CS,-0.9638869762420654,-0.9997061491012573,0.942478580032272,4.1630339095317677e-07,150,1024,1,detach,dot,0.3,0.1,5,center,10,50,0.05,15.0,0.1,0.02,0.2,66666
1,CS,-0.9638869762420654,-0.9997060894966125,0.942524033544692,3.439926282565963e-07,150,1024,1,detach,dot,0.3,0.1,5,center,10,50,0.05,25.0,0.1,0.02,0.2,66666
1,CS,-0.963898241519928,-0.999704122543335,0.9424331265198518,5.402646984330508e-07,150,1024,1,detach,dot,0.3,0.1,5,center,20,50,0.05,15.0,0.1,0.02,0.2,66666
1,CS,-0.963897705078125,-0.999704122543335,0.942455853276062,5.051423279803981e-07,150,1024,1,detach,dot,0.3,0.1,5,center,20,50,0.05,25.0,0.1,0.02,0.2,66666
1,CS,-0.9636801481246948,-0.9997047781944275,0.9422740392263812,2.923420834733248e-07,150,1024,1,detach,dot,0.3,0.1,5,topo+center,5,50,0.05,15.0,0.1,0.02,0.2,66666
1,CS,-0.9636801481246948,-0.9997047781944275,0.9422967659825913,3.264314430302549e-07,150,1024,1,detach,dot,0.3,0.1,5,topo+center,5,50,0.05,25.0,0.1,0.02,0.2,66666
1,CS,-0.9636816382408142,-0.9997047781944275,0.9422513124701711,3.1920036676064777e-07,150,1024,1,detach,dot,0.3,0.1,5,topo+center,10,50,0.05,15.0,0.1,0.02,0.2,66666
1,CS,-0.9636816382408142,-0.9997047781944275,0.9423194927388013,3.625868243785729e-07,150,1024,1,detach,dot,0.3,0.1,5,topo+center,10,50,0.05,25.0,0.1,0.02,0.2,66666
1,CS,-0.9636829495429993,-0.9997047781944275,0.9423194927388013,3.842800531875657e-07,150,1024,1,detach,dot,0.3,0.1,5,topo+center,20,50,0.05,15.0,0.1,0.02,0.2,66666
1,CS,-0.9636829495429993,-0.9997047781944275,0.9422967659825913,3.264314430302549e-07,150,1024,1,detach,dot,0.3,0.1,5,topo+center,20,50,0.05,25.0,0.1,0.02,0.2,66666
1,CS,-0.9633849263191223,-0.9997093677520752,0.9424103997636418,4.6278888125815007e-07,150,1024,1,detach,dot,0.3,0.1,10,topo,5,50,0.05,15.0,0.1,0.02,0.2,66666
1,CS,-0.9633848667144775,-0.9997093677520752,0.9424103997636416,4.4109565244914383e-07,150,1024,1,detach,dot,0.3,0.1,10,topo,5,50,0.05,25.0,0.1,0.02,0.2,66666
1,CS,-0.9633848667144775,-0.9997093677520752,0.942478580032272,3.481246718392561e-07,150,1024,1,detach,dot,0.3,0.1,10,topo,10,50,0.05,15.0,0.1,0.02,0.2,66666
1,CS,-0.9633848667144775,-0.9997093677520752,0.9423876730074316,5.051423279803981e-07,150,1024,1,detach,dot,0.3,0.1,10,topo,10,50,0.05,25.0,0.1,0.02,0.2,66666
1,CS,-0.9633848667144775,-0.9997093677520752,0.942455853276062,4.555578049884304e-07,150,1024,1,detach,dot,0.3,0.1,10,topo,20,50,0.05,15.0,0.1,0.02,0.2,66666
1,CS,-0.9633848667144775,-0.9997093677520752,0.942478580032272,4.906801754410813e-07,150,1024,1,detach,dot,0.3,0.1,10,topo,20,50,0.05,25.0,0.1,0.02,0.2,66666
1,CS,-0.9639177322387695,-0.9997061491012573,0.9425013067884821,3.4192660646526224e-07,150,1024,1,detach,dot,0.3,0.1,10,center,5,50,0.05,15.0,0.1,0.02,0.2,66666
1,CS,-0.963917076587677,-0.9997061491012573,0.9424785800322719,3.7911499870924386e-07,150,1024,1,detach,dot,0.3,0.1,10,center,5,50,0.05,25.0,0.1,0.02,0.2,66666
1,CS,-0.9638909101486206,-0.9997053146362305,0.9425694870571123,2.8614401809932754e-07,150,1024,1,detach,dot,0.3,0.1,10,center,10,50,0.05,15.0,0.1,0.02,0.2,66666
1,CS,-0.963890552520752,-0.9997053146362305,0.9425694870571123,2.5205465854234873e-07,150,1024,1,detach,dot,0.3,0.1,10,center,10,50,0.05,25.0,0.1,0.02,0.2,66666
1,CS,-0.9639351963996887,-0.9997029900550842,0.9424331265198518,3.4192660646526214e-07,150,1024,1,detach,dot,0.3,0.1,10,center,20,50,0.05,15.0,0.1,0.02,0.2,66666
1,CS,-0.9639348983764648,-0.9997029900550842,0.942478580032272,3.7601596602219224e-07,150,1024,1,detach,dot,0.3,0.1,10,center,20,50,0.05,25.0,0.1,0.02,0.2,66666
1,CS,-0.9633893370628357,-0.9997093677520752,0.9425467603009022,3.760159660222496e-07,150,1024,1,detach,dot,0.3,0.1,10,topo+center,5,50,0.05,15.0,0.1,0.02,0.2,66666
1,CS,-0.9633894562721252,-0.9997093677520752,0.9425240335446922,4.1217134737051024e-07,150,1024,1,detach,dot,0.3,0.1,10,topo+center,5,50,0.05,25.0,0.1,0.02,0.2,66666
1,CS,-0.9633912444114685,-0.9997093677520752,0.942524033544692,3.842800531875152e-07,150,1024,1,detach,dot,0.3,0.1,10,topo+center,10,50,0.05,15.0,0.1,0.02,0.2,66666
1,CS,-0.9633952975273132,-0.9997093677520752,0.9425467603009023,3.10936279595276e-07,150,1024,1,detach,dot,0.3,0.1,10,topo+center,20,50,0.05,15.0,0.1,0.02,0.2,66666
1,CS,-0.9633912444114685,-0.9997093677520752,0.9425013067884821,4.968782408150685e-07,150,1024,1,detach,dot,0.3,0.1,10,topo+center,10,50,0.05,25.0,0.1,0.02,0.2,66666
1,CS,-0.9633952975273132,-0.9997092485427856,0.9425694870571123,3.7911499870924386e-07,150,1024,1,detach,dot,0.3,0.1,10,topo+center,20,50,0.05,25.0,0.1,0.02,0.2,66666
1,CS,-0.9630542397499084,-0.9997029900550842,0.9422967659825914,4.225014563271656e-07,150,1024,1,detach,dot,0.3,0.1,20,topo,5,50,0.05,15.0,0.1,0.02,0.2,66666
1,CS,-0.9630542397499084,-0.9997029900550842,0.9422740392263812,4.47293717823104e-07,150,1024,1,detach,dot,0.3,0.1,20,topo,5,50,0.05,25.0,0.1,0.02,0.2,66666
1,CS,-0.9630542397499084,-0.9997029900550842,0.9422740392263812,4.163033909531684e-07,150,1024,1,detach,dot,0.3,0.1,20,topo,10,50,0.05,15.0,0.1,0.02,0.2,66666
1,CS,-0.9630542397499084,-0.9997029900550842,0.9422740392263812,4.163033909531684e-07,150,1024,1,detach,dot,0.3,0.1,20,topo,10,50,0.05,25.0,0.1,0.02,0.2,66666
1,CS,-0.9630542397499084,-0.9997029900550842,0.9422967659825914,4.225014563271656e-07,150,1024,1,detach,dot,0.3,0.1,20,topo,20,50,0.05,15.0,0.1,0.02,0.2,66666
1,CS,-0.9630542397499084,-0.9997029900550842,0.9422740392263812,4.163033909531684e-07,150,1024,1,detach,dot,0.3,0.1,20,topo,20,50,0.05,25.0,0.1,0.02,0.2,66666
1,CS,-0.9639166593551636,-0.9997061491012573,0.942205858957751,4.534917831971399e-07,150,1024,1,detach,dot,0.3,0.1,20,center,5,50,0.05,15.0,0.1,0.02,0.2,66666
1,CS,-0.96391761302948,-0.9997061491012573,0.942228585713961,4.968782408150516e-07,150,1024,1,detach,dot,0.3,0.1,20,center,5,50,0.05,25.0,0.1,0.02,0.2,66666
1,CS,-0.9639096260070801,-0.9997051358222961,0.9424103997636418,3.5432273721324323e-07,150,1024,1,detach,dot,0.3,0.1,20,center,10,50,0.05,15.0,0.1,0.02,0.2,66666
1,CS,-0.9639095067977905,-0.9997051358222961,0.942455853276062,3.842800531875657e-07,150,1024,1,detach,dot,0.3,0.1,20,center,10,50,0.05,25.0,0.1,0.02,0.2,66666
1,CS,-0.9639411568641663,-0.9997037053108215,0.942455853276062,6.167075047122271e-07,150,1024,1,detach,dot,0.3,0.1,20,center,20,50,0.05,15.0,0.1,0.02,0.2,66666
1,CS,-0.9639411568641663,-0.9997037053108215,0.942478580032272,6.239385809818795e-07,150,1024,1,detach,dot,0.3,0.1,20,center,20,50,0.05,25.0,0.1,0.02,0.2,66666
1,CS,-0.9630604386329651,-0.9997031092643738,0.9422513124701711,4.3076554349249695e-07,150,1024,1,detach,dot,0.3,0.1,20,topo+center,5,50,0.05,15.0,0.1,0.02,0.2,66666
1,CS,-0.9630604386329651,-0.9997031092643738,0.9422513124701711,4.3076554349249695e-07,150,1024,1,detach,dot,0.3,0.1,20,topo+center,5,50,0.05,25.0,0.1,0.02,0.2,66666
1,CS,-0.9630647897720337,-0.9997031092643738,0.942228585713961,4.00808227518225e-07,150,1024,1,detach,dot,0.3,0.1,20,topo+center,10,50,0.05,15.0,0.1,0.02,0.2,66666
1,CS,-0.9630647897720337,-0.9997031092643738,0.9422513124701711,4.3076554349249695e-07,150,1024,1,detach,dot,0.3,0.1,20,topo+center,10,50,0.05,25.0,0.1,0.02,0.2,66666
1,CS,-0.963076114654541,-0.9997031092643738,0.9422513124701711,4.3076554349249695e-07,150,1024,1,detach,dot,0.3,0.1,20,topo+center,20,50,0.05,15.0,0.1,0.02,0.2,66666
1,CS,-0.9633755683898926,-0.9997091293334961,0.942455853276062,4.865481318584165e-07,150,1024,1,detach,dot,0.3,0.2,5,topo,5,50,0.05,15.0,0.1,0.02,0.2,66666
1,CS,-0.9630765318870544,-0.9997031092643738,0.9422967659825913,3.5432273721325504e-07,150,1024,1,detach,dot,0.3,0.1,20,topo+center,20,50,0.05,25.0,0.1,0.02,0.2,66666
1,CS,-0.963375449180603,-0.9997091293334961,0.9424331265198518,4.225014563271656e-07,150,1024,1,detach,dot,0.3,0.2,5,topo,5,50,0.05,25.0,0.1,0.02,0.2,66666
1,CS,-0.9633755683898926,-0.9997091293334961,0.9424558532760617,4.1217134737051024e-07,150,1024,1,detach,dot,0.3,0.2,5,topo,10,50,0.05,15.0,0.1,0.02,0.2,66666
1,CS,-0.963375449180603,-0.9997091293334961,0.942478580032272,3.7601596602219224e-07,150,1024,1,detach,dot,0.3,0.2,5,topo,10,50,0.05,25.0,0.1,0.02,0.2,66666
1,CS,-0.963375449180603,-0.9997091293334961,0.942455853276062,3.7498295512652694e-07,150,1024,1,detach,dot,0.3,0.2,5,topo,20,50,0.05,25.0,0.1,0.02,0.2,66666
1,CS,-0.9633755683898926,-0.9997091293334961,0.9424331265198518,4.5039275051009846e-07,150,1024,1,detach,dot,0.3,0.2,5,topo,20,50,0.05,15.0,0.1,0.02,0.2,66666
1,CS,-0.9639193415641785,-0.9997061491012573,0.9425013067884821,3.760159660222462e-07,150,1024,1,detach,dot,0.3,0.2,5,center,5,50,0.05,15.0,0.1,0.02,0.2,66666
1,CS,-0.963919460773468,-0.9997061491012573,0.9421376786891207,5.89849221424936e-07,150,1024,1,detach,dot,0.3,0.2,5,center,5,50,0.05,25.0,0.1,0.02,0.2,66666
1,CS,-0.9638951420783997,-0.9997051358222961,0.9425240335446922,4.46260706927437e-07,150,1024,1,detach,dot,0.3,0.2,5,center,10,50,0.05,15.0,0.1,0.02,0.2,66666
1,CS,-0.9638951420783997,-0.9997051358222961,0.9425922138133225,3.4399262825659127e-07,150,1024,1,detach,dot,0.3,0.2,5,center,10,50,0.05,25.0,0.1,0.02,0.2,66666
1,CS,-0.9639362692832947,-0.9997029900550842,0.9423422194950115,4.844821100670857e-07,150,1024,1,detach,dot,0.3,0.2,5,center,20,50,0.05,15.0,0.1,0.02,0.2,66666
1,CS,-0.9639365077018738,-0.9997029900550842,0.9424103997636418,4.47293717823104e-07,150,1024,1,detach,dot,0.3,0.2,5,center,20,50,0.05,25.0,0.1,0.02,0.2,66666
1,CS,-0.9633800387382507,-0.9997092485427856,0.9423876730074316,4.555578049884859e-07,150,1024,1,detach,dot,0.3,0.2,5,topo+center,5,50,0.05,15.0,0.1,0.02,0.2,66666
1,CS,-0.9633800387382507,-0.9997092485427856,0.9424103997636416,3.481246718392561e-07,150,1024,1,detach,dot,0.3,0.2,5,topo+center,5,50,0.05,25.0,0.1,0.02,0.2,66666
1,CS,-0.9633824229240417,-0.9997092485427856,0.942455853276062,5.330336221633982e-07,150,1024,1,detach,dot,0.3,0.2,5,topo+center,10,50,0.05,15.0,0.1,0.02,0.2,66666
1,CS,-0.9633824229240417,-0.9997092485427856,0.942478580032272,4.906801754410813e-07,150,1024,1,detach,dot,0.3,0.2,5,topo+center,10,50,0.05,25.0,0.1,0.02,0.2,66666
1,CS,-0.9633889198303223,-0.9997091293334961,0.9424331265198518,4.968782408150801e-07,150,1024,1,detach,dot,0.3,0.2,5,topo+center,20,50,0.05,15.0,0.1,0.02,0.2,66666
1,CS,-0.9633889198303223,-0.9997091293334961,0.942478580032272,4.1630339095317677e-07,150,1024,1,detach,dot,0.3,0.2,5,topo+center,20,50,0.05,25.0,0.1,0.02,0.2,66666
1,CS,-0.9630438089370728,-0.9997027516365051,0.9423194927388013,5.051423279803981e-07,150,1024,1,detach,dot,0.3,0.2,10,topo,5,50,0.05,15.0,0.1,0.02,0.2,66666
1,CS,-0.9630447626113892,-0.9997027516365051,0.9423422194950115,4.906801754410813e-07,150,1024,1,detach,dot,0.3,0.2,10,topo,5,50,0.05,25.0,0.1,0.02,0.2,66666
1,CS,-0.9630448818206787,-0.9997027516365051,0.9423194927388013,4.865481318584165e-07,150,1024,1,detach,dot,0.3,0.2,10,topo,10,50,0.05,15.0,0.1,0.02,0.2,66666
1,CS,-0.9630448818206787,-0.9997027516365051,0.9423194927388013,4.865481318584165e-07,150,1024,1,detach,dot,0.3,0.2,10,topo,10,50,0.05,25.0,0.1,0.02,0.2,66666
1,CS,-0.9630450010299683,-0.9997027516365051,0.9422740392263812,4.163033909531684e-07,150,1024,1,detach,dot,0.3,0.2,10,topo,20,50,0.05,15.0,0.1,0.02,0.2,66666
1,CS,-0.9630439281463623,-0.9997027516365051,0.9423422194950115,5.402646984330508e-07,150,1024,1,detach,dot,0.3,0.2,10,topo,20,50,0.05,25.0,0.1,0.02,0.2,66666
1,CS,-0.9639201760292053,-0.9997061491012573,0.9425467603009023,3.10936279595276e-07,150,1024,1,detach,dot,0.3,0.2,10,center,5,50,0.05,15.0,0.1,0.02,0.2,66666
1,CS,-0.9639202952384949,-0.9997061491012573,0.942205858957751,5.123734042500203e-07,150,1024,1,detach,dot,0.3,0.2,10,center,5,50,0.05,25.0,0.1,0.02,0.2,66666
1,CS,-0.9639062285423279,-0.9997053146362305,0.942524033544692,2.8201197451666446e-07,150,1024,1,detach,dot,0.3,0.2,10,center,10,50,0.05,15.0,0.1,0.02,0.2,66666
1,CS,-0.96390700340271,-0.9997051954269409,0.9425013067884821,2.861440180993276e-07,150,1024,1,detach,dot,0.3,0.2,10,center,10,50,0.05,25.0,0.1,0.02,0.2,66666
1,CS,-0.9639418125152588,-0.9997038245201111,0.942478580032272,6.239385809818795e-07,150,1024,1,detach,dot,0.3,0.2,10,center,20,50,0.05,15.0,0.1,0.02,0.2,66666
1,CS,-0.9630498886108398,-0.9997027516365051,0.9423422194950115,4.906801754410813e-07,150,1024,1,detach,dot,0.3,0.2,10,topo+center,5,50,0.05,15.0,0.1,0.02,0.2,66666
1,CS,-0.9639418125152588,-0.9997038245201111,0.942455853276062,6.167075047122271e-07,150,1024,1,detach,dot,0.3,0.2,10,center,20,50,0.05,25.0,0.1,0.02,0.2,66666
1,CS,-0.9630498886108398,-0.9997027516365051,0.9422740392263812,4.47293717823104e-07,150,1024,1,detach,dot,0.3,0.2,10,topo+center,5,50,0.05,25.0,0.1,0.02,0.2,66666
1,CS,-0.9630552530288696,-0.9997027516365051,0.9422967659825913,4.968782408150801e-07,150,1024,1,detach,dot,0.3,0.2,10,topo+center,10,50,0.05,15.0,0.1,0.02,0.2,66666
1,CS,-0.963055431842804,-0.9997027516365051,0.9422740392263812,4.906801754410813e-07,150,1024,1,detach,dot,0.3,0.2,10,topo+center,10,50,0.05,25.0,0.1,0.02,0.2,66666
1,CS,-0.9630628824234009,-0.9997027516365051,0.9423194927388013,4.3076554349248186e-07,150,1024,1,detach,dot,0.3,0.2,10,topo+center,20,50,0.05,15.0,0.1,0.02,0.2,66666
1,CS,-0.9630628824234009,-0.9997027516365051,0.9422740392263812,4.627888812581501e-07,150,1024,1,detach,dot,0.3,0.2,10,topo+center,20,50,0.05,25.0,0.1,0.02,0.2,66666
1,CS,-0.9620437622070312,-0.9996964931488037,0.9423649462512215,6.115424502339692e-07,150,1024,1,detach,dot,0.3,0.2,20,topo,5,50,0.05,15.0,0.1,0.02,0.2,66666
1,CS,-0.9620440006256104,-0.9996963739395142,0.9423876730074316,6.538958969562155e-07,150,1024,1,detach,dot,0.3,0.2,20,topo,5,50,0.05,25.0,0.1,0.02,0.2,66666
1,CS,-0.9620440006256104,-0.9996964931488037,0.9423876730074316,6.167075047122926e-07,150,1024,1,detach,dot,0.3,0.2,20,topo,10,50,0.05,15.0,0.1,0.02,0.2,66666
1,CS,-0.9620437622070312,-0.9996964931488037,0.9423422194950115,6.580279405388752e-07,150,1024,1,detach,dot,0.3,0.2,20,topo,20,50,0.05,15.0,0.1,0.02,0.2,66666
1,CS,-0.9620440006256104,-0.9996963739395142,0.9424103997636418,6.084434175469007e-07,150,1024,1,detach,dot,0.3,0.2,20,topo,10,50,0.05,25.0,0.1,0.02,0.2,66666
1,CS,-0.9620437622070312,-0.9996964931488037,0.9423876730074318,7.468668775660983e-07,150,1024,1,detach,dot,0.3,0.2,20,topo,20,50,0.05,25.0,0.1,0.02,0.2,66666
1,CS,-0.9638813138008118,-0.9997075796127319,0.9424103997636418,3.760159660222494e-07,150,1024,1,detach,dot,0.3,0.2,20,center,5,50,0.05,15.0,0.1,0.02,0.2,66666
1,CS,-0.9638813138008118,-0.9997075796127319,0.9424103997636418,3.760159660222494e-07,150,1024,1,detach,dot,0.3,0.2,20,center,5,50,0.05,25.0,0.1,0.02,0.2,66666
1,CS,-0.9638969898223877,-0.9997058510780334,0.942455853276062,4.3076554349248186e-07,150,1024,1,detach,dot,0.3,0.2,20,center,10,50,0.05,15.0,0.1,0.02,0.2,66666
1,CS,-0.9638968706130981,-0.9997058510780334,0.942478580032272,3.9151112945722824e-07,150,1024,1,detach,dot,0.3,0.2,20,center,10,50,0.05,25.0,0.1,0.02,0.2,66666
1,CS,-0.9639567136764526,-0.9997019171714783,0.9424785800322719,8.439699017586424e-07,150,1024,1,detach,dot,0.3,0.2,20,center,20,50,0.05,15.0,0.1,0.02,0.2,66666
1,CS,-0.9639572501182556,-0.9997019171714783,0.9424785800322719,8.439699017586424e-07,150,1024,1,detach,dot,0.3,0.2,20,center,20,50,0.05,25.0,0.1,0.02,0.2,66666
1,CS,-0.9620574116706848,-0.9996964931488037,0.9424103997636418,6.580279405388752e-07,150,1024,1,detach,dot,0.3,0.2,20,topo+center,5,50,0.05,15.0,0.1,0.02,0.2,66666
1,CS,-0.9620574116706848,-0.9996964931488037,0.9424103997636418,5.71255025302978e-07,150,1024,1,detach,dot,0.3,0.2,20,topo+center,5,50,0.05,25.0,0.1,0.02,0.2,66666
1,CS,-0.9620674252510071,-0.9996966123580933,0.9424103997636418,6.580279405388752e-07,150,1024,1,detach,dot,0.3,0.2,20,topo+center,10,50,0.05,15.0,0.1,0.02,0.2,66666
1,CS,-0.962067186832428,-0.9996966123580933,0.9423649462512215,6.642260059128624e-07,150,1024,1,detach,dot,0.3,0.2,20,topo+center,10,50,0.05,25.0,0.1,0.02,0.2,66666
1,CS,-0.9620808362960815,-0.9996966123580933,0.9423649462512217,7.014143981567852e-07,150,1024,1,detach,dot,0.3,0.2,20,topo+center,20,50,0.05,15.0,0.1,0.02,0.2,66666
1,CS,-0.9620808362960815,-0.9996966123580933,0.9423876730074318,7.468668775660983e-07,150,1024,1,detach,dot,0.3,0.2,20,topo+center,20,50,0.05,25.0,0.1,0.02,0.2,66666
1,CS,-0.9631764888763428,-0.9997066259384155,0.9421604054453309,3.264314430302548e-07,150,1024,1,detach,dot,0.3,0.3,5,topo,5,50,0.05,15.0,0.1,0.02,0.2,66666
1,CS,-0.9631764888763428,-0.9997066259384155,0.9423649462512215,1.3119238374951798e-07,150,1024,1,detach,dot,0.3,0.3,5,topo,5,50,0.05,25.0,0.1,0.02,0.2,66666
1,CS,-0.9631766676902771,-0.9997066259384155,0.9423649462512217,1.1259818762752292e-07,150,1024,1,detach,dot,0.3,0.3,5,topo,10,50,0.05,15.0,0.1,0.02,0.2,66666
1,CS,-0.9631762504577637,-0.9997066259384155,0.9424103997636418,1.1259818762752631e-07,150,1024,1,detach,dot,0.3,0.3,5,topo,10,50,0.05,25.0,0.1,0.02,0.2,66666
1,CS,-0.9631764888763428,-0.9997066259384155,0.9424331265198518,9.400399150556321e-08,150,1024,1,detach,dot,0.3,0.3,5,topo,20,50,0.05,15.0,0.1,0.02,0.2,66666
1,CS,-0.9631764888763428,-0.9997066259384155,0.9423876730074316,1.5185260166284374e-07,150,1024,1,detach,dot,0.3,0.3,5,topo,20,50,0.05,25.0,0.1,0.02,0.2,66666
1,CS,-0.9639385938644409,-0.99970543384552,0.9427513011067931,2.148662662983956e-07,150,1024,1,detach,dot,0.3,0.3,5,center,5,50,0.05,15.0,0.1,0.02,0.2,66666
1,CS,-0.9639385938644409,-0.99970543384552,0.9427513011067932,1.807769067414218e-07,150,1024,1,detach,dot,0.3,0.3,5,center,5,50,0.05,25.0,0.1,0.02,0.2,66666
1,CS,-0.9639124274253845,-0.9997047781944275,0.9425013067884821,2.551536912293616e-07,150,1024,1,detach,dot,0.3,0.3,5,center,10,50,0.05,15.0,0.1,0.02,0.2,66666
1,CS,-0.9639124274253845,-0.9997047781944275,0.942455853276062,2.4482358227271635e-07,150,1024,1,detach,dot,0.3,0.3,5,center,10,50,0.05,25.0,0.1,0.02,0.2,66666
1,CS,-0.9639121890068054,-0.9997036457061768,0.942478580032272,5.960472867989533e-07,150,1024,1,detach,dot,0.3,0.3,5,center,20,50,0.05,15.0,0.1,0.02,0.2,66666
1,CS,-0.9639105200767517,-0.9997036457061768,0.9424103997636418,6.239385809819569e-07,150,1024,1,detach,dot,0.3,0.3,5,center,20,50,0.05,25.0,0.1,0.02,0.2,66666
1,CS,-0.9631814956665039,-0.9997066259384155,0.942455853276062,1.1156517673188952e-07,150,1024,1,detach,dot,0.3,0.3,5,topo+center,5,50,0.05,15.0,0.1,0.02,0.2,66666
1,CS,-0.9631814956665039,-0.9997066259384155,0.9424103997636418,1.528856125585108e-07,150,1024,1,detach,dot,0.3,0.3,5,topo+center,5,50,0.05,25.0,0.1,0.02,0.2,66666
1,CS,-0.9631850123405457,-0.9997066259384155,0.9421831322015409,2.4482358227271635e-07,150,1024,1,detach,dot,0.3,0.3,5,topo+center,10,50,0.05,15.0,0.1,0.02,0.2,66666
1,CS,-0.9631850123405457,-0.9997066259384155,0.9423876730074316,1.3325840554085208e-07,150,1024,1,detach,dot,0.3,0.3,5,topo+center,10,50,0.05,25.0,0.1,0.02,0.2,66666
1,CS,-0.9631938338279724,-0.9997066259384155,0.9423422194950115,1.528856125584738e-07,150,1024,1,detach,dot,0.3,0.3,5,topo+center,20,50,0.05,15.0,0.1,0.02,0.2,66666
1,CS,-0.9631937146186829,-0.9997066259384155,0.9423649462512215,1.1569722031455435e-07,150,1024,1,detach,dot,0.3,0.3,5,topo+center,20,50,0.05,25.0,0.1,0.02,0.2,66666
1,CS,-0.9625558853149414,-0.9996979832649231,0.9420922251767005,1.0051196014824005e-06,150,1024,1,detach,dot,0.3,0.3,10,topo,5,50,0.05,15.0,0.1,0.02,0.2,66666
1,CS,-0.9625553488731384,-0.9996979832649231,0.9420467716642804,9.51403034907845e-07,150,1024,1,detach,dot,0.3,0.3,10,topo,5,50,0.05,25.0,0.1,0.02,0.2,66666
1,CS,-0.9625555872917175,-0.9996981024742126,0.9420922251767005,8.966534574376229e-07,150,1024,1,detach,dot,0.3,0.3,10,topo,10,50,0.05,15.0,0.1,0.02,0.2,66666
1,CS,-0.9625553488731384,-0.9996979832649231,0.9420694984204904,1.008218634169395e-06,150,1024,1,detach,dot,0.3,0.3,10,topo,10,50,0.05,25.0,0.1,0.02,0.2,66666
1,CS,-0.9625557661056519,-0.9996979832649231,0.9421149519329107,9.049175446028585e-07,150,1024,1,detach,dot,0.3,0.3,10,topo,20,50,0.05,15.0,0.1,0.02,0.2,66666
1,CS,-0.9625557661056519,-0.9996979832649231,0.9420467716642804,9.51403034907845e-07,150,1024,1,detach,dot,0.3,0.3,10,topo,20,50,0.05,25.0,0.1,0.02,0.2,66666
1,CS,-0.9639173150062561,-0.9997075796127319,0.942455853276062,4.555578049884203e-07,150,1024,1,detach,dot,0.3,0.3,10,center,5,50,0.05,15.0,0.1,0.02,0.2,66666
1,CS,-0.9639173150062561,-0.9997076392173767,0.9424331265198518,3.4812467183924763e-07,150,1024,1,detach,dot,0.3,0.3,10,center,5,50,0.05,25.0,0.1,0.02,0.2,66666
1,CS,-0.9638817310333252,-0.9997056126594543,0.9423422194950115,2.5515369122939023e-07,150,1024,1,detach,dot,0.3,0.3,10,center,10,50,0.05,15.0,0.1,0.02,0.2,66666
1,CS,-0.9638817310333252,-0.9997056126594543,0.9423194927388013,2.6031874570771195e-07,150,1024,1,detach,dot,0.3,0.3,10,center,10,50,0.05,25.0,0.1,0.02,0.2,66666
1,CS,-0.9638768434524536,-0.9997035264968872,0.942455853276062,7.065794526351894e-07,150,1024,1,detach,dot,0.3,0.3,10,center,20,50,0.05,15.0,0.1,0.02,0.2,66666
1,CS,-0.9638767242431641,-0.9997035264968872,0.942478580032272,5.247695349980047e-07,150,1024,1,detach,dot,0.3,0.3,10,center,20,50,0.05,25.0,0.1,0.02,0.2,66666
1,CS,-0.9625685811042786,-0.9996979832649231,0.9420240449080702,6.983153654697856e-07,150,1024,1,detach,dot,0.3,0.3,10,topo+center,5,50,0.05,15.0,0.1,0.02,0.2,66666
1,CS,-0.9625685811042786,-0.9996979832649231,0.9421376786891207,8.99752490124535e-07,150,1024,1,detach,dot,0.3,0.3,10,topo+center,5,50,0.05,25.0,0.1,0.02,0.2,66666
1,CS,-0.9625778198242188,-0.9996981024742126,0.9421149519329105,8.460359235499782e-07,150,1024,1,detach,dot,0.3,0.3,10,topo+center,10,50,0.05,15.0,0.1,0.02,0.2,66666
1,CS,-0.9625778198242188,-0.9996981024742126,0.9420694984204904,8.997524901246174e-07,150,1024,1,detach,dot,0.3,0.3,10,topo+center,10,50,0.05,25.0,0.1,0.02,0.2,66666
1,CS,-0.9625879526138306,-0.9996981024742126,0.9421376786891207,9.49337013116513e-07,150,1024,1,detach,dot,0.3,0.3,10,topo+center,20,50,0.05,15.0,0.1,0.02,0.2,66666
1,CS,-0.9625880718231201,-0.9996979832649231,0.9421376786891207,8.99752490124535e-07,150,1024,1,detach,dot,0.3,0.3,10,topo+center,20,50,0.05,25.0,0.1,0.02,0.2,66666
1,CS,-0.9612542390823364,-0.9996880888938904,0.9417513238335493,5.743540579899422e-07,150,1024,1,detach,dot,0.3,0.3,20,topo,5,50,0.05,15.0,0.1,0.02,0.2,66666
1,CS,-0.9612542390823364,-0.9996880888938904,0.9417740505897593,6.074104066513145e-07,150,1024,1,detach,dot,0.3,0.3,20,topo,5,50,0.05,25.0,0.1,0.02,0.2,66666
1,CS,-0.9612541198730469,-0.9996880888938904,0.9418195041021796,5.743540579900195e-07,150,1024,1,detach,dot,0.3,0.3,20,topo,10,50,0.05,15.0,0.1,0.02,0.2,66666
1,CS,-0.961254358291626,-0.9996880888938904,0.9417513238335492,5.588588945550003e-07,150,1024,1,detach,dot,0.3,0.3,20,topo,10,50,0.05,25.0,0.1,0.02,0.2,66666
1,CS,-0.9612542390823364,-0.9996880888938904,0.9417740505897593,5.299345894763467e-07,150,1024,1,detach,dot,0.3,0.3,20,topo,20,50,0.05,15.0,0.1,0.02,0.2,66666
1,CS,-0.961254358291626,-0.9996880888938904,0.9417513238335492,5.588588945550003e-07,150,1024,1,detach,dot,0.3,0.3,20,topo,20,50,0.05,25.0,0.1,0.02,0.2,66666
1,CS,-0.9639139175415039,-0.9997073411941528,0.9425013067884821,4.163033909531684e-07,150,1024,1,detach,dot,0.3,0.3,20,center,5,50,0.05,15.0,0.1,0.02,0.2,66666
1,CS,-0.9639140963554382,-0.9997073411941528,0.9425013067884821,4.163033909531684e-07,150,1024,1,detach,dot,0.3,0.3,20,center,5,50,0.05,25.0,0.1,0.02,0.2,66666
1,CS,-0.9638606309890747,-0.9997060894966125,0.9423876730074316,4.46260706927437e-07,150,1024,1,detach,dot,0.3,0.3,20,center,10,50,0.05,15.0,0.1,0.02,0.2,66666
1,CS,-0.9638602137565613,-0.9997060894966125,0.9424331265198518,4.472937178231629e-07,150,1024,1,detach,dot,0.3,0.3,20,center,10,50,0.05,25.0,0.1,0.02,0.2,66666
1,CS,-0.9638099074363708,-0.9996989369392395,0.9425240335446922,1.3325840554084703e-07,150,1024,1,detach,dot,0.3,0.3,20,center,20,50,0.05,15.0,0.1,0.02,0.2,66666
1,CS,-0.9637967348098755,-0.999699056148529,0.9422740392263812,3.8531306408321257e-07,150,1024,1,detach,dot,0.3,0.3,20,center,20,50,0.05,25.0,0.1,0.02,0.2,66666
1,CS,-0.9612688422203064,-0.9996880888938904,0.9417513238335492,5.588588945550003e-07,150,1024,1,detach,dot,0.3,0.3,20,topo+center,5,50,0.05,15.0,0.1,0.02,0.2,66666
1,CS,-0.9612688422203064,-0.9996880888938904,0.9417513238335492,5.588588945550003e-07,150,1024,1,detach,dot,0.3,0.3,20,topo+center,5,50,0.05,25.0,0.1,0.02,0.2,66666
1,CS,-0.961280107498169,-0.9996881484985352,0.9417740505897593,5.299345894763467e-07,150,1024,1,detach,dot,0.3,0.3,20,topo+center,10,50,0.05,25.0,0.1,0.02,0.2,66666
1,CS,-0.9612799286842346,-0.9996881484985352,0.9417058703211291,6.229055700862546e-07,150,1024,1,detach,dot,0.3,0.3,20,topo+center,10,50,0.05,15.0,0.1,0.02,0.2,66666
1,CS,-0.961291491985321,-0.9996885061264038,0.9418195041021794,6.208395482949054e-07,150,1024,1,detach,dot,0.3,0.3,20,topo+center,20,50,0.05,15.0,0.1,0.02,0.2,66666
1,CS,-0.9612914323806763,-0.9996885061264038,0.9418422308583896,6.724900930782173e-07,150,1024,1,detach,dot,0.3,0.3,20,topo+center,20,50,0.05,25.0,0.1,0.02,0.2,66666
